<?xml version="1.0" encoding="UTF-8"?>
<metadata xml:lang="zh"><Esri><CreaDate>20230401</CreaDate><CreaTime>23080000</CreaTime><ArcGISFormat>1.0</ArcGISFormat><SyncOnce>TRUE</SyncOnce><DataProperties><lineage><Process ToolSource="c:\users\92970\appdata\local\programs\arcgis\pro\Resources\ArcToolbox\toolboxes\Data Management Tools.tbx\Rename" Date="20230401" Time="230800">Rename C:\Users\92970\Desktop\SSCI583\project4\FD\Data\geo_export_e6920382-5579-4a7a-bffd-7d5be3b53bdd.shp C:\Users\92970\Desktop\SSCI583\project4\FD\Data\road.shp ShapeFile</Process></lineage></DataProperties></Esri></metadata>
