<metadata xml:lang="en"><Esri><CreaDate>20230402</CreaDate><CreaTime>20225600</CreaTime><ArcGISFormat>1.0</ArcGISFormat><SyncOnce>FALSE</SyncOnce><DataProperties><itemProps><itemName Sync="TRUE">SF_BlockGrps_Elder_A_Project</itemName><imsContentType Sync="TRUE">002</imsContentType><itemLocation><linkage Sync="TRUE">file://\\MARDYDESK\C$\Users\junho\Documents\SSCI583\project4\SF_BlockGrps_Elder_A_Project.shp</linkage><protocol Sync="TRUE">Local Area Network</protocol></itemLocation><itemSize Sync="TRUE">0.000</itemSize></itemProps><coordRef><type Sync="TRUE">Geographic</type><geogcsn Sync="TRUE">GCS_North_American_1983</geogcsn><csUnits Sync="TRUE">Angular Unit: Degree (0.017453)</csUnits><peXml Sync="TRUE">&lt;GeographicCoordinateSystem xsi:type='typens:GeographicCoordinateSystem' xmlns:xsi='http://www.w3.org/2001/XMLSchema-instance' xmlns:xs='http://www.w3.org/2001/XMLSchema' xmlns:typens='http://www.esri.com/schemas/ArcGIS/3.0.0'&gt;&lt;WKT&gt;GEOGCS[&amp;quot;GCS_North_American_1983&amp;quot;,DATUM[&amp;quot;D_North_American_1983&amp;quot;,SPHEROID[&amp;quot;GRS_1980&amp;quot;,6378137.0,298.257222101]],PRIMEM[&amp;quot;Greenwich&amp;quot;,0.0],UNIT[&amp;quot;Degree&amp;quot;,0.0174532925199433],AUTHORITY[&amp;quot;EPSG&amp;quot;,4269]]&lt;/WKT&gt;&lt;XOrigin&gt;-400&lt;/XOrigin&gt;&lt;YOrigin&gt;-400&lt;/YOrigin&gt;&lt;XYScale&gt;11258999068426.238&lt;/XYScale&gt;&lt;ZOrigin&gt;-100000&lt;/ZOrigin&gt;&lt;ZScale&gt;10000&lt;/ZScale&gt;&lt;MOrigin&gt;-100000&lt;/MOrigin&gt;&lt;MScale&gt;10000&lt;/MScale&gt;&lt;XYTolerance&gt;8.983152841195215e-09&lt;/XYTolerance&gt;&lt;ZTolerance&gt;0.001&lt;/ZTolerance&gt;&lt;MTolerance&gt;0.001&lt;/MTolerance&gt;&lt;HighPrecision&gt;true&lt;/HighPrecision&gt;&lt;LeftLongitude&gt;-180&lt;/LeftLongitude&gt;&lt;WKID&gt;4269&lt;/WKID&gt;&lt;LatestWKID&gt;4269&lt;/LatestWKID&gt;&lt;/GeographicCoordinateSystem&gt;</peXml></coordRef><lineage><Process ToolSource="c:\program files\arcgis\pro\Resources\ArcToolbox\toolboxes\Conversion Tools.tbx\FeatureClassToFeatureClass" Date="20220116" Time="203813">FeatureClassToFeatureClass BG_2019_US_SL150_Coast_Clipped G:\583\SF_Data\SF_Data.gdb SF_Block_Groups # "STATEFP "STATEFP" true true false 2 Text 0 0,First,#,BG_2019_US_SL150_Coast_Clipped,STATEFP,0,2;COUNTYFP "COUNTYFP" true true false 3 Text 0 0,First,#,BG_2019_US_SL150_Coast_Clipped,COUNTYFP,0,3;TRACTCE "TRACTCE" true true false 6 Text 0 0,First,#,BG_2019_US_SL150_Coast_Clipped,TRACTCE,0,6;BLKGRPCE "BLKGRPCE" true true false 1 Text 0 0,First,#,BG_2019_US_SL150_Coast_Clipped,BLKGRPCE,0,1;GEOID "GEOID" true true false 12 Text 0 0,First,#,BG_2019_US_SL150_Coast_Clipped,GEOID,0,12;NAMELSAD "NAMELSAD" true true false 13 Text 0 0,First,#,BG_2019_US_SL150_Coast_Clipped,NAMELSAD,0,13;MTFCC "MTFCC" true true false 5 Text 0 0,First,#,BG_2019_US_SL150_Coast_Clipped,MTFCC,0,5;FUNCSTAT "FUNCSTAT" true true false 1 Text 0 0,First,#,BG_2019_US_SL150_Coast_Clipped,FUNCSTAT,0,1;ALAND "ALAND" true true false 10 Long 0 10,First,#,BG_2019_US_SL150_Coast_Clipped,ALAND,-1,-1;AWATER "AWATER" true true false 10 Long 0 10,First,#,BG_2019_US_SL150_Coast_Clipped,AWATER,-1,-1;INTPTLAT "INTPTLAT" true true false 11 Text 0 0,First,#,BG_2019_US_SL150_Coast_Clipped,INTPTLAT,0,11;INTPTLON "INTPTLON" true true false 12 Text 0 0,First,#,BG_2019_US_SL150_Coast_Clipped,INTPTLON,0,12" #</Process><Process ToolSource="c:\program files\arcgis\pro\Resources\ArcToolbox\toolboxes\Data Management Tools.tbx\UpdateSchema" Date="20220116" Time="214954">UpdateSchema "CIMDATA=&lt;CIMStandardDataConnection xsi:type='typens:CIMStandardDataConnection' xmlns:xsi='http://www.w3.org/2001/XMLSchema-instance' xmlns:xs='http://www.w3.org/2001/XMLSchema' xmlns:typens='http://www.esri.com/schemas/ArcGIS/2.9.0'&gt;&lt;WorkspaceConnectionString&gt;DATABASE=G:\583\SF_Data\SF_Data.gdb&lt;/WorkspaceConnectionString&gt;&lt;WorkspaceFactory&gt;FileGDB&lt;/WorkspaceFactory&gt;&lt;Dataset&gt;SF_Block_Groups&lt;/Dataset&gt;&lt;DatasetType&gt;esriDTFeatureClass&lt;/DatasetType&gt;&lt;/CIMStandardDataConnection&gt;" &lt;operationSequence&gt;&lt;workflow&gt;&lt;AddField&gt;&lt;field_name&gt;GEO_ID&lt;/field_name&gt;&lt;field_type&gt;DOUBLE&lt;/field_type&gt;&lt;field_alias&gt;GEO_ID&lt;/field_alias&gt;&lt;field_is_nullable&gt;True&lt;/field_is_nullable&gt;&lt;field_is_required&gt;False&lt;/field_is_required&gt;&lt;/AddField&gt;&lt;/workflow&gt;&lt;/operationSequence&gt;</Process><Process ToolSource="c:\program files\arcgis\pro\Resources\ArcToolbox\toolboxes\Data Management Tools.tbx\CalculateField" Date="20220116" Time="215120">CalculateField SF_Block_Groups GEO_ID !GEOID! "Python 3" # Text NO_ENFORCE_DOMAINS</Process><Process ToolSource="c:\program files\arcgis\pro\Resources\ArcToolbox\toolboxes\Conversion Tools.tbx\FeatureClassToFeatureClass" Date="20220208" Time="205155">FeatureClassToFeatureClass SF_Block_Groups H:\583\SF_Accessibility.gdb SF_BlockGrps_Age_Sex_Data # "GEOID "GEOID" true true false 12 Text 0 0,First,#,SF_Block_Groups,SF_Block_Groups.GEOID,0,12;Shape_Length "Shape_Length" false true true 8 Double 0 0,First,#,SF_Block_Groups,SF_Block_Groups.Shape_Length,-1,-1;Shape_Area "Shape_Area" false true true 8 Double 0 0,First,#,SF_Block_Groups,SF_Block_Groups.Shape_Area,-1,-1;GEO_ID "GEO_ID" true true false 8 Double 0 0,First,#,SF_Block_Groups,ACSDT5Y2019_B01001_data_with_ov$.GEO_ID,-1,-1;Tot "Tot" true true false 8 Double 0 0,First,#,SF_Block_Groups,ACSDT5Y2019_B01001_data_with_ov$.Tot,-1,-1;M_Tot "M_Tot" true true false 8 Double 0 0,First,#,SF_Block_Groups,ACSDT5Y2019_B01001_data_with_ov$.M_Tot,-1,-1;M_Under5 "M_Under5" true true false 8 Double 0 0,First,#,SF_Block_Groups,ACSDT5Y2019_B01001_data_with_ov$.M_Under5,-1,-1;M_5to9 "M_5to9" true true false 8 Double 0 0,First,#,SF_Block_Groups,ACSDT5Y2019_B01001_data_with_ov$.M_5to9,-1,-1;M_10to14 "M_10to14" true true false 8 Double 0 0,First,#,SF_Block_Groups,ACSDT5Y2019_B01001_data_with_ov$.M_10to14,-1,-1;M_15to17 "M_15to17" true true false 8 Double 0 0,First,#,SF_Block_Groups,ACSDT5Y2019_B01001_data_with_ov$.M_15to17,-1,-1;M_18and19 "M_18and19" true true false 8 Double 0 0,First,#,SF_Block_Groups,ACSDT5Y2019_B01001_data_with_ov$.M_18and19,-1,-1;M_20 "M_20" true true false 8 Double 0 0,First,#,SF_Block_Groups,ACSDT5Y2019_B01001_data_with_ov$.M_20,-1,-1;M_21 "M_21" true true false 8 Double 0 0,First,#,SF_Block_Groups,ACSDT5Y2019_B01001_data_with_ov$.M_21,-1,-1;M_22to24 "M_22to24" true true false 8 Double 0 0,First,#,SF_Block_Groups,ACSDT5Y2019_B01001_data_with_ov$.M_22to24,-1,-1;M_25to29 "M_25to29" true true false 8 Double 0 0,First,#,SF_Block_Groups,ACSDT5Y2019_B01001_data_with_ov$.M_25to29,-1,-1;M_30to34 "M_30to34" true true false 8 Double 0 0,First,#,SF_Block_Groups,ACSDT5Y2019_B01001_data_with_ov$.M_30to34,-1,-1;M_35to39 "M_35to39" true true false 8 Double 0 0,First,#,SF_Block_Groups,ACSDT5Y2019_B01001_data_with_ov$.M_35to39,-1,-1;M_40to44 "M_40to44" true true false 8 Double 0 0,First,#,SF_Block_Groups,ACSDT5Y2019_B01001_data_with_ov$.M_40to44,-1,-1;M_45to49 "M_45to49" true true false 8 Double 0 0,First,#,SF_Block_Groups,ACSDT5Y2019_B01001_data_with_ov$.M_45to49,-1,-1;M_50to54 "M_50to54" true true false 8 Double 0 0,First,#,SF_Block_Groups,ACSDT5Y2019_B01001_data_with_ov$.M_50to54,-1,-1;M_55to59 "M_55to59" true true false 8 Double 0 0,First,#,SF_Block_Groups,ACSDT5Y2019_B01001_data_with_ov$.M_55to59,-1,-1;M_60and61 "M_60and61" true true false 8 Double 0 0,First,#,SF_Block_Groups,ACSDT5Y2019_B01001_data_with_ov$.M_60and61,-1,-1;M_62to64 "M_62to64" true true false 8 Double 0 0,First,#,SF_Block_Groups,ACSDT5Y2019_B01001_data_with_ov$.M_62to64,-1,-1;M_65and66 "M_65and66" true true false 8 Double 0 0,First,#,SF_Block_Groups,ACSDT5Y2019_B01001_data_with_ov$.M_65and66,-1,-1;M_67to69 "M_67to69" true true false 8 Double 0 0,First,#,SF_Block_Groups,ACSDT5Y2019_B01001_data_with_ov$.M_67to69,-1,-1;M_70to74 "M_70to74" true true false 8 Double 0 0,First,#,SF_Block_Groups,ACSDT5Y2019_B01001_data_with_ov$.M_70to74,-1,-1;M_75to79 "M_75to79" true true false 8 Double 0 0,First,#,SF_Block_Groups,ACSDT5Y2019_B01001_data_with_ov$.M_75to79,-1,-1;M_80to84 "M_80to84" true true false 8 Double 0 0,First,#,SF_Block_Groups,ACSDT5Y2019_B01001_data_with_ov$.M_80to84,-1,-1;M_85plus "M_85plus" true true false 8 Double 0 0,First,#,SF_Block_Groups,ACSDT5Y2019_B01001_data_with_ov$.M_85plus,-1,-1;F_Tot "F_Tot" true true false 8 Double 0 0,First,#,SF_Block_Groups,ACSDT5Y2019_B01001_data_with_ov$.F_Tot,-1,-1;F_Under5 "F_Under5" true true false 8 Double 0 0,First,#,SF_Block_Groups,ACSDT5Y2019_B01001_data_with_ov$.F_Under5,-1,-1;F_5to9 "F_5to9" true true false 8 Double 0 0,First,#,SF_Block_Groups,ACSDT5Y2019_B01001_data_with_ov$.F_5to9,-1,-1;F_10to14 "F_10to14" true true false 8 Double 0 0,First,#,SF_Block_Groups,ACSDT5Y2019_B01001_data_with_ov$.F_10to14,-1,-1;F_15to17 "F_15to17" true true false 8 Double 0 0,First,#,SF_Block_Groups,ACSDT5Y2019_B01001_data_with_ov$.F_15to17,-1,-1;F_18and19 "F_18and19" true true false 8 Double 0 0,First,#,SF_Block_Groups,ACSDT5Y2019_B01001_data_with_ov$.F_18and19,-1,-1;F_20 "F_20" true true false 8 Double 0 0,First,#,SF_Block_Groups,ACSDT5Y2019_B01001_data_with_ov$.F_20,-1,-1;F_21 "F_21" true true false 8 Double 0 0,First,#,SF_Block_Groups,ACSDT5Y2019_B01001_data_with_ov$.F_21,-1,-1;F_22to24 "F_22to24" true true false 8 Double 0 0,First,#,SF_Block_Groups,ACSDT5Y2019_B01001_data_with_ov$.F_22to24,-1,-1;F_25to29 "F_25to29" true true false 8 Double 0 0,First,#,SF_Block_Groups,ACSDT5Y2019_B01001_data_with_ov$.F_25to29,-1,-1;F_30to34 "F_30to34" true true false 8 Double 0 0,First,#,SF_Block_Groups,ACSDT5Y2019_B01001_data_with_ov$.F_30to34,-1,-1;F_35to39 "F_35to39" true true false 8 Double 0 0,First,#,SF_Block_Groups,ACSDT5Y2019_B01001_data_with_ov$.F_35to39,-1,-1;F_40to44 "F_40to44" true true false 8 Double 0 0,First,#,SF_Block_Groups,ACSDT5Y2019_B01001_data_with_ov$.F_40to44,-1,-1;F_45to49 "F_45to49" true true false 8 Double 0 0,First,#,SF_Block_Groups,ACSDT5Y2019_B01001_data_with_ov$.F_45to49,-1,-1;F_50to54 "F_50to54" true true false 8 Double 0 0,First,#,SF_Block_Groups,ACSDT5Y2019_B01001_data_with_ov$.F_50to54,-1,-1;F_55to59 "F_55to59" true true false 8 Double 0 0,First,#,SF_Block_Groups,ACSDT5Y2019_B01001_data_with_ov$.F_55to59,-1,-1;F_60and61 "F_60and61" true true false 8 Double 0 0,First,#,SF_Block_Groups,ACSDT5Y2019_B01001_data_with_ov$.F_60and61,-1,-1;F_62to64 "F_62to64" true true false 8 Double 0 0,First,#,SF_Block_Groups,ACSDT5Y2019_B01001_data_with_ov$.F_62to64,-1,-1;F_65and66 "F_65and66" true true false 8 Double 0 0,First,#,SF_Block_Groups,ACSDT5Y2019_B01001_data_with_ov$.F_65and66,-1,-1;F_67to69 "F_67to69" true true false 8 Double 0 0,First,#,SF_Block_Groups,ACSDT5Y2019_B01001_data_with_ov$.F_67to69,-1,-1;F_70to74 "F_70to74" true true false 8 Double 0 0,First,#,SF_Block_Groups,ACSDT5Y2019_B01001_data_with_ov$.F_70to74,-1,-1;F_75to79 "F_75to79" true true false 8 Double 0 0,First,#,SF_Block_Groups,ACSDT5Y2019_B01001_data_with_ov$.F_75to79,-1,-1;F_80to84 "F_80to84" true true false 8 Double 0 0,First,#,SF_Block_Groups,ACSDT5Y2019_B01001_data_with_ov$.F_80to84,-1,-1;F_85plus "F_85plus" true true false 8 Double 0 0,First,#,SF_Block_Groups,ACSDT5Y2019_B01001_data_with_ov$.F_85plus,-1,-1;id "id" true true false 255 Text 0 0,First,#,SF_Block_Groups,ACSDT5Y2019_B01001_data_with_ov$.id,0,255;Geographic_Area_Name "Geographic Area Name" true true false 255 Text 0 0,First,#,SF_Block_Groups,ACSDT5Y2019_B01001_data_with_ov$.Geographic_Area_Name,0,255;ObjectID "ObjectID" false true false 4 Long 0 9,First,#,SF_Block_Groups,ACSDT5Y2019_B01001_data_with_ov$.ObjectID,-1,-1" #</Process><Process ToolSource="c:\program files\arcgis\pro\Resources\ArcToolbox\Toolboxes\Data Management Tools.tbx\DeleteField" Date="20230228" Time="131307">DeleteField SF_BlockGrps_Age_Sex_Data M_Under5;M_5to9;M_10to14;M_15to17;M_18and19;M_20;M_21;M_22to24;M_25to29;M_30to34;M_35to39;M_40to44;M_45to49;M_50to54;M_55to59;M_60and61;M_62to64 "Delete Fields"</Process><Process ToolSource="c:\program files\arcgis\pro\Resources\ArcToolbox\Toolboxes\Data Management Tools.tbx\DeleteField" Date="20230228" Time="131350">DeleteField SF_BlockGrps_Age_Sex_Data F_Under5;F_5to9;F_10to14;F_15to17;F_18and19;F_20;F_21;F_22to24;F_25to29;F_30to34;F_35to39;F_40to44;F_45to49;F_50to54;F_55to59;F_60and61;F_62to64 "Delete Fields"</Process><Process ToolSource="c:\program files\arcgis\pro\Resources\ArcToolbox\Toolboxes\Data Management Tools.tbx\UpdateSchema" Date="20230228" Time="131627">UpdateSchema "CIMDATA=&lt;CIMStandardDataConnection xsi:type='typens:CIMStandardDataConnection' xmlns:xsi='http://www.w3.org/2001/XMLSchema-instance' xmlns:xs='http://www.w3.org/2001/XMLSchema' xmlns:typens='http://www.esri.com/schemas/ArcGIS/2.9.0'&gt;&lt;WorkspaceConnectionString&gt;DATABASE=G:\583\Project3\SF_Accessibility.gdb&lt;/WorkspaceConnectionString&gt;&lt;WorkspaceFactory&gt;FileGDB&lt;/WorkspaceFactory&gt;&lt;Dataset&gt;SF_BlockGrps_Age_Sex_Data&lt;/Dataset&gt;&lt;DatasetType&gt;esriDTFeatureClass&lt;/DatasetType&gt;&lt;/CIMStandardDataConnection&gt;" &lt;operationSequence&gt;&lt;workflow&gt;&lt;AddField&gt;&lt;field_name&gt;M_elder&lt;/field_name&gt;&lt;field_type&gt;DOUBLE&lt;/field_type&gt;&lt;field_alias&gt;M_elder&lt;/field_alias&gt;&lt;field_is_nullable&gt;True&lt;/field_is_nullable&gt;&lt;field_is_required&gt;False&lt;/field_is_required&gt;&lt;/AddField&gt;&lt;/workflow&gt;&lt;workflow&gt;&lt;AddField&gt;&lt;field_name&gt;F_elder&lt;/field_name&gt;&lt;field_type&gt;DOUBLE&lt;/field_type&gt;&lt;field_alias&gt;F_elder&lt;/field_alias&gt;&lt;field_is_nullable&gt;True&lt;/field_is_nullable&gt;&lt;field_is_required&gt;False&lt;/field_is_required&gt;&lt;/AddField&gt;&lt;/workflow&gt;&lt;workflow&gt;&lt;AddField&gt;&lt;field_name&gt;M_F_elder&lt;/field_name&gt;&lt;field_type&gt;DOUBLE&lt;/field_type&gt;&lt;field_alias&gt;M_F_elder&lt;/field_alias&gt;&lt;field_is_nullable&gt;True&lt;/field_is_nullable&gt;&lt;field_is_required&gt;False&lt;/field_is_required&gt;&lt;/AddField&gt;&lt;/workflow&gt;&lt;/operationSequence&gt;</Process><Process ToolSource="c:\program files\arcgis\pro\Resources\ArcToolbox\toolboxes\Data Management Tools.tbx\CalculateField" Date="20230228" Time="131820">CalculateField SF_BlockGrps_Age_Sex_Data M_elder "!M_65and66! + !M_67to69! + !M_70to74! + !M_75to79! + !M_80to84! + !M_85plus!" "Python 3" # Text NO_ENFORCE_DOMAINS</Process><Process ToolSource="c:\program files\arcgis\pro\Resources\ArcToolbox\toolboxes\Data Management Tools.tbx\CalculateField" Date="20230228" Time="131952">CalculateField SF_BlockGrps_Age_Sex_Data F_elder "!F_65and66! + !F_67to69! + !F_70to74! + !F_75to79! + !F_80to84! + !F_85plus!" "Python 3" # Text NO_ENFORCE_DOMAINS</Process><Process ToolSource="c:\program files\arcgis\pro\Resources\ArcToolbox\toolboxes\Data Management Tools.tbx\CalculateField" Date="20230228" Time="132049">CalculateField SF_BlockGrps_Age_Sex_Data M_F_elder "!M_elder! + !F_elder!" "Python 3" # Text NO_ENFORCE_DOMAINS</Process><Process ToolSource="c:\program files\arcgis\pro\Resources\ArcToolbox\toolboxes\Data Management Tools.tbx\CopyFeatures" Date="20230228" Time="132632">CopyFeatures SF_BlockGrps_Elder_Age_Sex_Data \\gist-fs1\filestore\lingduo\Documents\ArcGIS\Projects\583_project3\583_project3.gdb\SF_BlockGrps_Elder_Age_Sex_Data # # # #</Process><Process ToolSource="c:\program files\arcgis\pro\Resources\ArcToolbox\toolboxes\Data Management Tools.tbx\Copy" Date="20230402" Time="132726">Copy C:\Users\junho\Documents\SSCI583\project3\SF_accessibility_new\583_project3_original.gdb\583_project3.gdb\SF_BlockGrps_Elder_Age_Sex_Data C:\Users\junho\Documents\SSCI583\project4\Healthcare_accessibility_ABMs\Healthcare_accessibility_ABMs.gdb\SF_BlockGrps_Elder_Age_Sex_Data "File Geodatabase Feature Class" #</Process><Process ToolSource="c:\program files\arcgis\pro\Resources\ArcToolbox\toolboxes\Analysis Tools.tbx\Erase" Date="20230402" Time="134624">Erase SF_BlockGrps_Elder_Age_Sex_Data geo_export_2db5d961-db6d-4631-9a1b-cd5975dc12d6 C:\Users\junho\Documents\SSCI583\project4\Healthcare_accessibility_ABMs\Healthcare_accessibility_ABMs.gdb\SF_BlockGrps_Elder_Age_Erase #</Process><Process ToolSource="c:\program files\arcgis\pro\Resources\ArcToolbox\toolboxes\Data Management Tools.tbx\Project" Date="20230402" Time="202257">Project SF_BlockGrps_Elder_Age_Erase C:\Users\junho\Documents\SSCI583\project4\Healthcare_accessibility_ABMs\Healthcare_accessibility_ABMs.gdb\SF_BlockGrps_Elder_A_Project GEOGCS["GCS_North_American_1983",DATUM["D_North_American_1983",SPHEROID["GRS_1980",6378137.0,298.257222101]],PRIMEM["Greenwich",0.0],UNIT["Degree",0.0174532925199433]] 'WGS_1984_(ITRF08)_To_NAD_1983_2011 + WGS_1984_(ITRF00)_To_NAD_1983' PROJCS["NAD_1983_2011_StatePlane_California_III_FIPS_0403_Ft_US",GEOGCS["GCS_NAD_1983_2011",DATUM["D_NAD_1983_2011",SPHEROID["GRS_1980",6378137.0,298.257222101]],PRIMEM["Greenwich",0.0],UNIT["Degree",0.0174532925199433]],PROJECTION["Lambert_Conformal_Conic"],PARAMETER["False_Easting",6561666.666666666],PARAMETER["False_Northing",1640416.666666667],PARAMETER["Central_Meridian",-120.5],PARAMETER["Standard_Parallel_1",37.06666666666667],PARAMETER["Standard_Parallel_2",38.43333333333333],PARAMETER["Latitude_Of_Origin",36.5],UNIT["Foot_US",0.3048006096012192]] NO_PRESERVE_SHAPE # NO_VERTICAL</Process><Process ToolSource="c:\program files\arcgis\pro\Resources\ArcToolbox\toolboxes\Data Management Tools.tbx\CopyFeatures" Date="20230402" Time="202347">CopyFeatures SF_BlockGrps_Elder_A_Project C:\Users\junho\Documents\SSCI583\project4\SF_BlockGrps_Elder_A_Project.shp # # # #</Process></lineage></DataProperties><SyncDate>20230402</SyncDate><SyncTime>20234700</SyncTime><ModDate>20230402</ModDate><ModTime>20234700</ModTime></Esri><dataIdInfo><envirDesc Sync="TRUE">Microsoft Windows 10 Version 10.0 (Build 22621) ; Esri ArcGIS 13.0.3.36057</envirDesc><dataLang><languageCode value="eng" Sync="TRUE"></languageCode><countryCode value="USA" Sync="TRUE"></countryCode></dataLang><idCitation><resTitle Sync="TRUE">SF_BlockGrps_Elder_A_Project</resTitle><presForm><PresFormCd value="005" Sync="TRUE"></PresFormCd></presForm></idCitation><spatRpType><SpatRepTypCd value="001" Sync="TRUE"></SpatRepTypCd></spatRpType></dataIdInfo><mdLang><languageCode value="eng" Sync="TRUE"></languageCode><countryCode value="USA" Sync="TRUE"></countryCode></mdLang><distInfo><distFormat><formatName Sync="TRUE">Shapefile</formatName></distFormat><distTranOps><transSize Sync="TRUE">0.000</transSize></distTranOps></distInfo><mdHrLv><ScopeCd value="005" Sync="TRUE"></ScopeCd></mdHrLv><mdHrLvName Sync="TRUE">dataset</mdHrLvName><refSysInfo><RefSystem><refSysID><identCode code="4269" Sync="TRUE"></identCode><idCodeSpace Sync="TRUE">EPSG</idCodeSpace><idVersion Sync="TRUE">6.5(3.0.1)</idVersion></refSysID></RefSystem></refSysInfo><spatRepInfo><VectSpatRep><geometObjs Name="SF_BlockGrps_Elder_A_Project"><geoObjTyp><GeoObjTypCd value="002" Sync="TRUE"></GeoObjTypCd></geoObjTyp><geoObjCnt Sync="TRUE">0</geoObjCnt></geometObjs><topLvl><TopoLevCd value="001" Sync="TRUE"></TopoLevCd></topLvl></VectSpatRep></spatRepInfo><spdoinfo><ptvctinf><esriterm Name="SF_BlockGrps_Elder_A_Project"><efeatyp Sync="TRUE">Simple</efeatyp><efeageom code="4" Sync="TRUE"></efeageom><esritopo Sync="TRUE">FALSE</esritopo><efeacnt Sync="TRUE">0</efeacnt><spindex Sync="TRUE">FALSE</spindex><linrefer Sync="TRUE">FALSE</linrefer></esriterm></ptvctinf></spdoinfo><eainfo><detailed Name="SF_BlockGrps_Elder_A_Project"><enttyp><enttypl Sync="TRUE">SF_BlockGrps_Elder_A_Project</enttypl><enttypt Sync="TRUE">Feature Class</enttypt><enttypc Sync="TRUE">0</enttypc></enttyp><attr><attrlabl Sync="TRUE">FID</attrlabl><attalias Sync="TRUE">FID</attalias><attrtype Sync="TRUE">OID</attrtype><attwidth Sync="TRUE">4</attwidth><atprecis Sync="TRUE">0</atprecis><attscale Sync="TRUE">0</attscale><attrdef Sync="TRUE">Internal feature number.</attrdef><attrdefs Sync="TRUE">Esri</attrdefs><attrdomv><udom Sync="TRUE">Sequential unique whole numbers that are automatically generated.</udom></attrdomv></attr><attr><attrlabl Sync="TRUE">OBJECTID</attrlabl><attalias Sync="TRUE">ObjectID</attalias><attrtype Sync="TRUE">Integer</attrtype><attwidth Sync="TRUE">10</attwidth><atprecis Sync="TRUE">10</atprecis><attscale Sync="TRUE">0</attscale><attrdef Sync="TRUE">Internal feature number.</attrdef><attrdefs Sync="TRUE">Esri</attrdefs><attrdomv><udom Sync="TRUE">Sequential unique whole numbers that are automatically generated.</udom></attrdomv></attr><attr><attrlabl Sync="TRUE">Shape</attrlabl><attalias Sync="TRUE">Shape</attalias><attrtype Sync="TRUE">Geometry</attrtype><attwidth Sync="TRUE">0</attwidth><atprecis Sync="TRUE">0</atprecis><attscale Sync="TRUE">0</attscale><attrdef Sync="TRUE">Feature geometry.</attrdef><attrdefs Sync="TRUE">Esri</attrdefs><attrdomv><udom Sync="TRUE">Coordinates defining the features.</udom></attrdomv></attr><attr><attrlabl Sync="TRUE">GEO_ID</attrlabl><attalias Sync="TRUE">GEO_ID</attalias><attrtype Sync="TRUE">Double</attrtype><attwidth Sync="TRUE">19</attwidth><atprecis Sync="TRUE">0</atprecis><attscale Sync="TRUE">0</attscale></attr><attr><attrlabl Sync="TRUE">Tot</attrlabl><attalias Sync="TRUE">Tot</attalias><attrtype Sync="TRUE">Double</attrtype><attwidth Sync="TRUE">19</attwidth><atprecis Sync="TRUE">0</atprecis><attscale Sync="TRUE">0</attscale></attr><attr><attrlabl Sync="TRUE">M_Tot</attrlabl><attalias Sync="TRUE">M_Tot</attalias><attrtype Sync="TRUE">Double</attrtype><attwidth Sync="TRUE">19</attwidth><atprecis Sync="TRUE">0</atprecis><attscale Sync="TRUE">0</attscale></attr><attr><attrlabl Sync="TRUE">M_65and66</attrlabl><attalias Sync="TRUE">M_65and66</attalias><attrtype Sync="TRUE">Double</attrtype><attwidth Sync="TRUE">19</attwidth><atprecis Sync="TRUE">0</atprecis><attscale Sync="TRUE">0</attscale></attr><attr><attrlabl Sync="TRUE">M_67to69</attrlabl><attalias Sync="TRUE">M_67to69</attalias><attrtype Sync="TRUE">Double</attrtype><attwidth Sync="TRUE">19</attwidth><atprecis Sync="TRUE">0</atprecis><attscale Sync="TRUE">0</attscale></attr><attr><attrlabl Sync="TRUE">M_70to74</attrlabl><attalias Sync="TRUE">M_70to74</attalias><attrtype Sync="TRUE">Double</attrtype><attwidth Sync="TRUE">19</attwidth><atprecis Sync="TRUE">0</atprecis><attscale Sync="TRUE">0</attscale></attr><attr><attrlabl Sync="TRUE">M_75to79</attrlabl><attalias Sync="TRUE">M_75to79</attalias><attrtype Sync="TRUE">Double</attrtype><attwidth Sync="TRUE">19</attwidth><atprecis Sync="TRUE">0</atprecis><attscale Sync="TRUE">0</attscale></attr><attr><attrlabl Sync="TRUE">M_80to84</attrlabl><attalias Sync="TRUE">M_80to84</attalias><attrtype Sync="TRUE">Double</attrtype><attwidth Sync="TRUE">19</attwidth><atprecis Sync="TRUE">0</atprecis><attscale Sync="TRUE">0</attscale></attr><attr><attrlabl Sync="TRUE">M_85plus</attrlabl><attalias Sync="TRUE">M_85plus</attalias><attrtype Sync="TRUE">Double</attrtype><attwidth Sync="TRUE">19</attwidth><atprecis Sync="TRUE">0</atprecis><attscale Sync="TRUE">0</attscale></attr><attr><attrlabl Sync="TRUE">F_Tot</attrlabl><attalias Sync="TRUE">F_Tot</attalias><attrtype Sync="TRUE">Double</attrtype><attwidth Sync="TRUE">19</attwidth><atprecis Sync="TRUE">0</atprecis><attscale Sync="TRUE">0</attscale></attr><attr><attrlabl Sync="TRUE">F_65and66</attrlabl><attalias Sync="TRUE">F_65and66</attalias><attrtype Sync="TRUE">Double</attrtype><attwidth Sync="TRUE">19</attwidth><atprecis Sync="TRUE">0</atprecis><attscale Sync="TRUE">0</attscale></attr><attr><attrlabl Sync="TRUE">F_67to69</attrlabl><attalias Sync="TRUE">F_67to69</attalias><attrtype Sync="TRUE">Double</attrtype><attwidth Sync="TRUE">19</attwidth><atprecis Sync="TRUE">0</atprecis><attscale Sync="TRUE">0</attscale></attr><attr><attrlabl Sync="TRUE">F_70to74</attrlabl><attalias Sync="TRUE">F_70to74</attalias><attrtype Sync="TRUE">Double</attrtype><attwidth Sync="TRUE">19</attwidth><atprecis Sync="TRUE">0</atprecis><attscale Sync="TRUE">0</attscale></attr><attr><attrlabl Sync="TRUE">F_75to79</attrlabl><attalias Sync="TRUE">F_75to79</attalias><attrtype Sync="TRUE">Double</attrtype><attwidth Sync="TRUE">19</attwidth><atprecis Sync="TRUE">0</atprecis><attscale Sync="TRUE">0</attscale></attr><attr><attrlabl Sync="TRUE">F_80to84</attrlabl><attalias Sync="TRUE">F_80to84</attalias><attrtype Sync="TRUE">Double</attrtype><attwidth Sync="TRUE">19</attwidth><atprecis Sync="TRUE">0</atprecis><attscale Sync="TRUE">0</attscale></attr><attr><attrlabl Sync="TRUE">F_85plus</attrlabl><attalias Sync="TRUE">F_85plus</attalias><attrtype Sync="TRUE">Double</attrtype><attwidth Sync="TRUE">19</attwidth><atprecis Sync="TRUE">0</atprecis><attscale Sync="TRUE">0</attscale></attr><attr><attrlabl Sync="TRUE">id</attrlabl><attalias Sync="TRUE">id</attalias><attrtype Sync="TRUE">String</attrtype><attwidth Sync="TRUE">254</attwidth><atprecis Sync="TRUE">0</atprecis><attscale Sync="TRUE">0</attscale></attr><attr><attrlabl Sync="TRUE">Geographic</attrlabl><attalias Sync="TRUE">Geographic</attalias><attrtype Sync="TRUE">String</attrtype><attwidth Sync="TRUE">254</attwidth><atprecis Sync="TRUE">0</atprecis><attscale Sync="TRUE">0</attscale></attr><attr><attrlabl Sync="TRUE">GEOID</attrlabl><attalias Sync="TRUE">GEOID</attalias><attrtype Sync="TRUE">String</attrtype><attwidth Sync="TRUE">12</attwidth><atprecis Sync="TRUE">0</atprecis><attscale Sync="TRUE">0</attscale></attr><attr><attrlabl Sync="TRUE">M_elder</attrlabl><attalias Sync="TRUE">M_elder</attalias><attrtype Sync="TRUE">Double</attrtype><attwidth Sync="TRUE">19</attwidth><atprecis Sync="TRUE">0</atprecis><attscale Sync="TRUE">0</attscale></attr><attr><attrlabl Sync="TRUE">F_elder</attrlabl><attalias Sync="TRUE">F_elder</attalias><attrtype Sync="TRUE">Double</attrtype><attwidth Sync="TRUE">19</attwidth><atprecis Sync="TRUE">0</atprecis><attscale Sync="TRUE">0</attscale></attr><attr><attrlabl Sync="TRUE">M_F_elder</attrlabl><attalias Sync="TRUE">M_F_elder</attalias><attrtype Sync="TRUE">Double</attrtype><attwidth Sync="TRUE">19</attwidth><atprecis Sync="TRUE">0</atprecis><attscale Sync="TRUE">0</attscale></attr><attr><attrlabl Sync="TRUE">Shape_Leng</attrlabl><attalias Sync="TRUE">Shape_Leng</attalias><attrtype Sync="TRUE">Double</attrtype><attwidth Sync="TRUE">19</attwidth><atprecis Sync="TRUE">0</atprecis><attscale Sync="TRUE">0</attscale></attr><attr><attrlabl Sync="TRUE">Shape_Area</attrlabl><attalias Sync="TRUE">Shape_Area</attalias><attrtype Sync="TRUE">Double</attrtype><attwidth Sync="TRUE">19</attwidth><atprecis Sync="TRUE">0</atprecis><attscale Sync="TRUE">0</attscale><attrdef Sync="TRUE">Area of feature in internal units squared.</attrdef><attrdefs Sync="TRUE">Esri</attrdefs><attrdomv><udom Sync="TRUE">Positive real numbers that are automatically generated.</udom></attrdomv></attr></detailed></eainfo><mdDateSt Sync="TRUE">20230402</mdDateSt></metadata>
